feature,gain
rolling_mean_7,67623.125
rolling_mean_14,45546.69140625
rolling_mean_30,26880.89453125
lag_1,10097.8154296875
vessel_type_Handysize,2926.442626953125
vessel_type_Capesize,1555.9326171875
season_Winter,783.3232421875
is_winter_peak,636.4737548828125
doy_cos,606.9638061523438
month_cos,496.286376953125
season_Spring,442.5112609863281
vessel_type_Panamax,394.88128662109375
trade_lane_Australia_Hedland_to_Visakhapatnam,360.5588073730469
doy_sin,352.5329284667969
destination_Gangavaram,352.5185852050781
cargo_type_Iron_Ore,349.412109375
month_sin,324.8139953613281
week_of_year,323.60479736328125
is_monsoon,311.85736083984375
vessel_type_Supramax,310.2979736328125
trade_lane_Brazil_Tubarao_to_Gangavaram,292.6961975097656
destination_Visakhapatnam,290.3499450683594
trade_lane_Indonesia_Banjarmasin_to_Gangavaram,284.44580078125
trade_lane_SouthAfrica_RichardsBay_to_Dhamra,280.3849792480469
trade_lane_Brazil_Tubarao_to_Dhamra,279.7690734863281
trade_lane_Brazil_Tubarao_to_Visakhapatnam,278.93157958984375
cargo_quantity_t,278.488037109375
trade_lane_SouthAfrica_RichardsBay_to_Gangavaram,270.86492919921875
trade_lane_Australia_Hedland_to_Gangavaram,267.8382873535156
bdi_proxy_roll_mean_7,267.4183349609375
